{"params":{"dyeDecay":0.64929026,"toneK":0.0757301,"forceGain":4.58808,"viscosity":0,"vortScale":4.4094095,"fluidPull":0.081109785,"sensorAngle":0.35890552,"speedGain":0.42288885,"cohesion":0.40100983,"viewMode":0,"swim":0.06425581,"mouseForce":0.15,"senseScale":2.5349195,"pointSize":0.17384584,"pointAlpha":0,"sensorDist":0.018203823,"velDamp":0.999,"bloomStrength":1.1711594,"dipoleLen":4.3605375,"mouseDye":6,"palette":1.233817,"mutationStrength":0.22158277,"mouseRadius":0.045,"turn":0.2578655,"satGain":1.2691674},"rule":[1.8944826,1.450355,0.9578006,-0.7130656,1.0686202,1.945615,-1.0889761,1.3729303,0.22069168,-1.4260938,-1.191015,-0.7935896,-0.33988428,-0.83948684,-1.9916158,1.0386057,-0.52313113,1.5841746,-0.708441,-1.6614473,0.21539187,0.42730498,-1.1838324,0.061950445,0.84062576,0.055558205,-1.3526385,-0.1465056,1.7550995,0.5199592,-1.0576887,-0.9049046,-0.7768023,1.1720333,-1.4622285,0.670892,1.8511074,1.0666289,-1.3790815,0.7686348,0.4337722,0.81673205,0.5270152,-0.92315745,0.73096454,-0.61596453,-0.51520026,0.3168478,0.79966736,-0.18037045,-0.36174393,-0.7377145,-0.17239106,-0.045725226,0.57983744,0.269333,0.10076594,-0.034775257,0.2572912,-0.95362294,-0.24780071,0.561064,-0.79040205,0.5915594,-0.7299644,-0.37270224,-0.5506762,0.30515516,0.9146571,-0.48770654,-0.43605924,-0.11043501,0.0033291578,-0.5956235,0.76865447,-0.21971846,-0.4375807,0.5621003,0.4756539,0.7574109,1.4609377,-0.25111794,0.96680117,1.5769281,0.6917062,1.1815164,0.6856899,0.3978796,-0.20384216,1.137605,-1.160667,0.36679745,1.2753036,-0.3717587,-1.3892887,0.28727674,0.6137512,0.07090831,-1.0108843,-1.3763187,-0.6105914,-0.7137277,1.8568091,-1.9165695,0.6410663,0.68418646,-1.2831082,1.917918,1.5442655,1.3991742,-0.19677162,0.18229175,-1.1013854,-0.9109938,-1.073319,0.6843214,-0.99068475,1.2787595,-0.30442166,-1.3247116,-0.7549274,-0.7033038,0.9337735,0.9157593,-0.7042421,0.053526163,0.25455046,-0.475116,-0.38359356,-0.11962116,0.9247904,-0.9772351,0.6766156,0.8108653,-0.4319991,-0.7465644,-0.9084046,0.3953979,-0.39444315,0.9528092,-0.53376484,0.10033846,0.11140418,-0.68173766,0.9983939,-0.6512486,-0.37980652,0.4338678,0.9267514,0.13104391,0.87305737,-0.31076586,0.35308444,0.99340343,-0.99259984,0.85341024,0.52694106,-0.9611541,-0.14127374,0.6252903,-0.13729334,-0.18169427,0.3708675,-0.33708525,-1.5213134,-1.3550906,-1.1197994,-1.8163245,-0.92979693,-1.8971391,0.054882765,0.9364364,-1.0141454,-1.1864586,-1.3629019,-1.9549315,0.80116916,-0.8533001,1.3588402,-1.2174475,0.2985928,-1.433567,0.8796935,-1.1788411,-0.4377849,-0.54473567,-1.7662115,-1.4947388,0.9029186,-1.3954675,-1.6669483,0.5001657,-1.6032236,-1.5009606,1.6983624,1.3922744,-1.2204268,-0.41131663,0.37345672,0.7322128,0.5896703,0.78522444,0.107477665,0.5382956,-0.43227053,0.17810643,-0.5698409,-0.9275484,0.6212746,-0.8092892,0.16308868,-0.78229594,-0.43384123,-0.68509126,0.5876317,-0.65071714,-0.34995818,0.31365287,0.9503926,0.06904483,-0.094893694,-0.2530259,-0.71901464,0.039782166,-0.7706361,-0.393098,-0.5681881,-0.5199046,0.36462808,-0.23167491,-0.698457,-0.49053633,0.14875865,-0.12918806,-0.87368417,0.45091414,0.41999328,0.2868476,-0.84229684,0.12498975,1.842169,0.10803771,-1.2462211,1.6334126,0.9877291,1.9691818,0.70608306,-0.55347943,0.0782783,-0.82460165,-1.9919167,-0.82237005,-0.822386,0.6252601,-1.1056962,0.8486018,-1.8597808,-0.05250287,-0.5670142,0.08535051,0.1817739,0.53086925,0.24588656,-0.5275786,0.1937213,-0.051169634,1.0209098,-1.6663029,0.056716442,0.9743962,-0.2539165,0.30946732,1.2916818,1.5875697,0.7999265,0.14421177,-0.6334336,-1.5629632,-0.08250785,0.42596817,-0.36945248,0.07746601,0.25270367,-0.19790983,-0.75141835,-0.30047405,0.681003,-0.71708405,0.46248543,-0.5989282,-0.955299,0.869606,0.8811095,-0.0025060177,0.44200218,0.6897149,-0.48043692,0.8892462,0.22302616,0.82238483,-0.74422014,0.05292523,0.8138987,-0.78070927,0.8168925,-0.525658,0.9373785,0.10188317,0.3706659,-0.3149954,0.82777166,-0.8153188,0.6436982,-0.9864657,-0.92107713,0.63941836,-0.3477186,0.7396649,-0.9309833,-0.32746482,-1.2437487,1.4249225,1.3844893,0.5429683,-0.73079896,0.31816673,-0.09423566,-0.07387018,1.1759968,0.7522092,1.1180003,1.7101185,0.260741,-0.03439355,-1.9473071,0.57175016,0.8562064,1.1849012,0.11045575,0.29430413,-0.2109766,-0.52259326,0.33564615,-1.8742654,0.036728382,-0.8209727,0.15430164,0.24855947,-0.856689,1.2561374,1.4314046,-1.0000539,1.5908887,-0.33725142,0.004093647,0.30023766,-0.3981235,-1.1819358,-0.5240841,-1.9658115,0.7750889,-0.23031569,-0.25626588,0.33635283,0.0012841225,-0.35050154,-0.3419881,0.29237652,-0.14068866,-0.6115563,-0.7716198,0.2527194,-0.09563577,0.6430601,-0.4997102,-0.27669072,0.25637805,-0.17451322,0.21192467,0.43370652,-0.14772785,0.5819329,-0.93093765,0.50005376,-0.14567554,-0.19280183,-0.7216755,0.05965972,0.75589716,0.97176456,0.033276796,0.59075916,-0.95962703,-0.7589426,0.54627943,-0.35107052,0.27275014,-0.03987634,0.8273554,0.53526616,-1.6032226,1.053534,1.178616,0.2946682,-0.550874,1.3314214,-0.2764449,-1.5270114,1.6654003,0.076634645,0.3341043,1.9744565,1.5727606,1.223624,-0.030634642,1.9149516,1.9647686,1.4068086,-1.8498311,-0.84629726,-0.8240404,-1.8010654,0.85986423,-1.640065,-1.0057788,-1.5641448,-1.7247362,0.7672038,1.2467277,1.904356,-1.2048585,0.1639626,-1.8306653,-0.7201195,-0.8156998,-0.8204472,-0.7868531,-1.9399993,-1.6139505,-1.4540603,0.026786447,0.5808754,-0.48302448,0.93583727,0.4250915,0.010917425,0.66578555,-0.39939713,-0.70202076,0.08459711,-0.79344034,0.5733628,-0.65169644,-0.7308699,-0.15365326,0.35603,0.88242114,-0.1503973,0.86128736,-0.32492673,0.595734,-0.62662005,-0.88910985,-0.85289216,0.067843795,-0.7774404,0.55609643,0.21003115,0.37830985,0.9819821,0.79234636,-0.39604306,-0.22542012,-0.22636116,0.40498304,0.9526154,0.15720546,0.31333244,0.6291934,-0.28464603,1.0912523,1.8207862,0.3312044,-0.17470694,0.9608114,-1.6155305,0.6084821,0.58565855,-1.4334617,-0.759696,1.2512949,0.03049469,1.8616385,1.690321,1.588794,0.9656749,0.535239,1.3242137,1.8493812,-0.66616344,0.1784203,1.1416843,-1.8605313,1.2691348,1.7680404,-1.4898329,0.6828773,-0.8242979,-0.37845588,-1.2959905,-0.96175194,1.5870824,1.2316546,0.29015255,-0.1277051,-0.65865326,0.40159345,-1.2647579,0.434155,-0.58781815,-0.9535847,-0.93842065,0.33435404,-0.79944754,-0.62392426,0.07175541,-0.2868291,-0.06521344,-0.731189,-0.031318903,-0.61087763,-0.2956829,0.48876595,0.17855799,0.10243595,-0.36540663,-0.000731349,-0.58249605,-0.30616868,-0.35266197,-0.9599838,0.62624097,-0.3487506,0.12856472,-0.6014931,0.60572064,0.81351066,0.00029861927,0.7849233,-0.2932495,-0.3520434,0.49777102,0.5827949,0.5129454,0.76494956,-0.77653456,0.1353792,0.50445056,0.21457267,-0.80557656,-1.6850841,0.7314222,-0.14380169,-0.11186814,0.9261184,-0.5109811,-1.7561033,0.26204157,0.20288038,-0.39548063,0.12185621,-0.4279163,-1.7751045,0.4921491,1.6753628,-1.8956406,1.0090985,0.85037804,-1.0684075,-0.088724375,0.94734573,0.6635158,-0.24090338,0.8040528,1.3360868,-1.4892979,-0.4068935,0.054139614,0.63042474,-1.98892,-1.0219238,1.5142479,-0.09432721,0.80731606,1.6947932,0.75700855,-0.9407344,1.8662474,1.0070724,-0.3068304,0.88421094,0.29459536,-0.39122403,-0.69616866,0.12537718,0.26128185,-0.2963766,0.5517366,0.2675079,0.7867254,0.6793307,-0.033913136,0.3029716,-0.38008344,0.4122423,0.55881405,-0.7125046,-0.8761467,0.40801144,0.5625882,0.69903123,-0.903643,0.5957308,-0.0219661,-0.50839186,0.85150707,0.9069605,0.7774855,-0.4910251,-0.35779905,-0.45201576,-0.74191666,0.62444377,0.40180922,0.49554944,0.6181607,-0.18956614,-0.6182196,-0.9053745,-0.932675]}