{"params":{"dyeDecay":0.5,"toneK":0.043282624,"forceGain":2.6152494,"viscosity":0.1766501,"vortScale":0.5,"fluidPull":0.1812977,"sensorAngle":1.4092215,"cohesion":0.5,"speedGain":0.55262625,"viewMode":0,"swim":0.1284467,"mouseForce":0.15,"senseScale":15.145335,"pointSize":0.17384584,"pointAlpha":0,"velDamp":0.999,"sensorDist":0.030568404,"bloomStrength":1.5014063,"dipoleLen":5.3630724,"mouseDye":6,"palette":0.6079965,"mutationStrength":1.5,"mouseRadius":0.02069925,"turn":0.017309757,"satGain":1.5237138},"rule":[0.98781633,-0.266042,0.97562265,1.7890842,1.8666458,0.65332794,-1.4364872,1.7075748,-0.31026387,-0.3849914,1.8153837,-0.890172,0.6868026,-0.97216153,0.38463902,1.6995904,-0.6643338,0.38520122,1.9769356,0.45587373,0.2326312,-1.1044164,-1.1066084,-1.156879,-0.42431402,-1.5918405,0.7832446,1.4388831,1.3370433,0.64479995,1.4927263,1.5079215,0.6870458,-0.56143117,-0.029050827,1.4972866,1.3524933,-0.2437191,-1.1468716,0.12362075,-0.41660845,-0.39067197,-0.38903666,0.9076543,0.92861354,0.13326108,0.74191105,0.46697605,0.50860655,0.65489113,-0.17910624,0.09333658,0.046343923,-0.056612015,-0.15404081,-0.96334684,0.90035033,-0.94942844,-0.47413063,0.35419965,-0.98377967,-0.50201035,0.15238547,0.44052815,0.9168396,0.6605339,-0.44407582,-0.6495615,-0.323228,-0.37490547,0.61545277,-0.70825744,0.2437762,-0.1448394,0.25740314,-0.076530695,0.39478564,-0.9082264,0.8964616,-0.04786873,0.9398849,0.8098116,0.572685,0.19867015,1.4180892,1.8400145,1.4783337,1.0995317,-0.79883623,1.049231,-1.3217931,0.45499802,-1.0760286,-1.0178385,1.7645626,0.08224988,-0.07420039,-1.1414621,-0.35106516,-0.16641855,-0.17746973,-1.4132726,-0.9659667,0.17506218,0.51913476,-1.9052367,-1.4444327,-1.3838959,-0.29886818,0.024137974,-0.8972111,1.6772223,0.11190462,-1.6504278,1.25863,-1.5696378,1.0062993,1.8010361,-1.1513093,-0.74117637,0.6015005,-0.012959123,0.76760626,0.27338946,0.00039875507,-0.68695915,0.012442589,0.3484342,-0.9528353,-0.87504065,0.81954944,0.2642721,0.9714185,-0.8155829,0.22682858,-0.57718956,-0.3265494,-0.9628228,-0.11174226,0.43797326,-0.98389316,0.63953376,-0.4429891,-0.5792911,0.5064033,0.10676551,-0.099312186,0.23230577,-0.2129873,-0.61157906,0.91140807,-0.78972864,-0.5955658,-0.13737023,0.034091353,-0.7817161,-0.58951616,-0.64229953,-0.9212451,-0.7498282,-0.9902923,0.8379245,-0.6331682,0.5642164,0.17823863,0.4634521,1.6991346,1.294611,1.402972,-0.67956185,-0.49616504,-1.6919873,0.09561801,-1.5734231,-1.1587257,-0.42193198,1.1452701,0.4141264,0.7748437,-1.6663814,-1.9058678,1.6663189,1.6334319,1.5183558,-0.24690056,-0.61542106,-1.7551234,0.6026845,1.7872362,-0.9710119,-0.85960746,-0.7772069,0.030160666,-1.5446086,0.09850335,-0.6703701,-1.26807,-1.227978,-0.6119273,1.7888527,0.38907588,0.05556941,0.6306547,0.66710055,0.09030974,0.05681455,-0.48864257,-0.85911644,-0.57039094,-0.27234876,-0.38208532,-0.5754721,0.106226325,0.99360335,0.538782,0.6685661,-0.77661586,0.6603365,0.62866604,0.9877676,-0.26445282,-0.34133995,-0.47179806,-0.15683031,-0.6732328,0.89811254,-0.4910115,-0.99581254,-0.14784193,0.68020284,-0.913236,-0.5879612,-0.15905738,-0.5158309,-0.04704988,0.30393982,0.2839285,-0.20040417,-0.65230596,-0.07596779,0.16597104,-1.675858,-1.4820812,0.6852715,1.4165256,0.9950743,-0.8149619,0.99403596,1.7197688,1.4032354,1.4741089,0.6634543,0.9239981,-1.6266732,1.9061532,0.6672838,0.95339537,-1.2973342,1.2722437,-1.3801882,-1.3852935,-0.85819554,1.0964117,-0.5453794,-0.04234433,-0.17078424,-0.38551164,-1.7207296,0.7325163,-1.1632454,-0.86885214,1.7072623,0.16795564,1.0576675,0.9180908,0.78439045,0.77858996,1.9814422,-0.92853284,1.9514368,-0.61700594,-0.74578846,-0.32467616,0.15947533,-0.942011,-0.7974504,-0.053027034,-0.7007996,0.3655331,0.5544199,-0.34665275,0.066114664,0.23821187,-0.47359776,0.8434278,0.78082466,0.13245273,0.9682976,0.35685408,-0.6364465,0.8967303,-0.5461538,-0.7803364,-0.75947607,0.5306525,0.38017547,0.43077636,-0.44561303,0.3198613,0.15392017,-0.50582457,0.18095481,-0.30325758,-0.7528659,0.30725467,0.7014458,-0.48224318,0.1174885,-0.24448025,0.24098039,-1.5417972,1.0213504,1.2473068,-1.3323963,-0.09515858,0.2734456,0.16837811,-0.21085691,-1.1546648,-1.1617584,-1.7979627,-0.68550825,-0.15367603,0.61009216,-0.6114917,-0.17923498,-1.0802927,-0.099066496,-1.7834055,-1.0965183,0.4036026,-1.1674135,-1.6634235,-0.39006567,-1.7842834,-0.56911063,-1.4010086,-1.0354321,0.802161,0.7613218,1.6961989,-1.0521965,-0.25551748,0.24004173,-1.3473523,0.9995022,-1.3512337,-1.6567557,-1.458761,1.7545846,-0.6117047,0.75339425,0.27692044,-0.88717175,0.32139158,0.5326735,-0.9184501,-0.42993796,0.8116267,0.63989305,-0.16839123,-0.6879482,0.40937603,-0.25498176,0.9807929,-0.55078816,-0.49081528,0.10680604,0.013988137,0.9373716,-0.35379672,0.6861559,-0.046173573,-0.24744391,-0.3153895,-0.06961417,-0.30391693,-0.41834843,-0.12697983,0.6357863,0.7553257,-0.49573588,0.39216554,0.22031403,0.8987992,0.059202433,-0.23950934,-0.82496464,-0.34028876,0.7206501,1.3562062,0.06896758,-1.9050062,-1.6511197,-0.0118432045,-0.74822927,-1.0825,-1.8277075,-0.8452604,0.71863866,0.26744127,-0.7333517,0.11242342,1.5303779,1.6438344,-1.2520802,-0.9713576,-1.8466339,1.1290755,-1.0608172,0.97451663,0.57529783,-0.54210806,0.8169532,-0.18487406,1.1727118,-0.6528928,0.68765306,-0.05637455,1.0887892,0.19444346,1.8403835,0.38850427,1.9660697,-0.39899707,-1.8921139,0.083422184,-0.27167726,0.49042082,-0.073895454,-0.5837703,0.93612146,-0.32018447,-0.43515527,0.65358305,-0.8926002,-0.503569,0.6237974,0.6129508,0.43496716,0.6072545,-0.56523526,0.9390284,-0.55945694,-0.7171416,0.37464976,-0.72419846,0.74829817,-0.23545969,-0.05248773,-0.6007838,-0.66895807,-0.15861535,-0.5844717,-0.75838065,0.9545524,0.9758098,0.66738653,0.95433474,0.47174585,-0.46410596,-0.22634327,-0.24108624,-0.4859842,0.038079858,-0.21090114,-0.71914136,0.9557923,0.20984459,-0.6403363,-1.8338032,1.9702408,-0.6733222,1.7981772,-1.6485178,0.70378304,-0.7369385,1.6044073,1.2040823,-1.9525704,1.6645026,1.2415249,-1.2717774,0.17667294,-0.74214816,0.45767045,0.12545896,-1.4392905,1.1871815,-0.30276394,-1.0603538,1.5691595,-1.7173316,-1.9120495,-1.2775035,1.5295982,-0.22358537,-0.3338809,0.014193296,1.5069199,-0.50163794,-0.3107624,-1.3766913,0.5888424,1.8665409,-1.7508857,-1.2552636,1.0192764,-1.2291446,-1.1862168,0.71131396,-0.5661677,-0.79216063,0.047708035,0.09023905,0.59377944,-0.6939137,0.31478357,0.19556653,0.41298544,-0.8860259,0.90142465,0.8739747,-0.18552756,0.7392919,-0.3397267,-0.33182764,-0.081955075,0.79832816,0.403836,0.98858607,0.0673362,0.9708291,0.5970522,0.68422604,-0.022474647,0.3024813,0.88769543,-0.15724301,-0.7459353,0.4185208,0.4727384,0.49246657,-0.36903846,0.20842922,0.74745226,0.78083456,-0.1489402,-0.579142,0.20010722,-1.4417422,1.0648799,-0.3673041,-0.46542645,-1.5053165,-1.2567098,-1.8797569,1.8662624,-1.4973218,-1.3822615,1.420454,-0.8364544,1.0756483,-1.6809294,-0.4659927,-1.1528182,0.73512816,-0.20956016,0.21007013,-1.347276,-0.97883964,1.3268692,-0.23173785,0.96047425,-0.49200797,0.42358518,1.1898677,-1.3889911,1.8123884,-0.7082374,1.7638519,-1.2018845,0.92689466,1.626895,-0.84137774,0.44980335,-0.3169737,-0.044099092,1.7606285,-1.0315309,0.68992734,0.7306411,0.35330284,0.7395178,0.97931135,-0.9981897,0.3555336,-0.42972267,0.21565437,0.796244,-0.21015525,-0.9825299,-0.6198995,-0.645579,0.25954247,-0.7074176,-0.9076086,-0.2708398,-0.020082593,-0.41657305,0.8545207,0.58891094,0.8457191,0.5305059,-0.33635235,0.789016,0.23445737,-0.37602997,-0.98865104,-0.603189,0.23644137,0.26819086,0.14912999,0.07157695,-0.17509556,-0.64471805,-0.27462327,-0.6082977,0.2897222,-0.009734273]}