{"params":{"dyeDecay":0.64929026,"toneK":0.0757301,"forceGain":4.58808,"viscosity":0,"vortScale":4.4094095,"fluidPull":0.081109785,"sensorAngle":0.35890552,"speedGain":0.42288885,"cohesion":0.40100983,"viewMode":0,"swim":0.06425581,"mouseForce":0.15,"senseScale":2.5349195,"pointSize":0.17384584,"pointAlpha":0,"sensorDist":0.018203823,"velDamp":0.999,"bloomStrength":1.1711594,"dipoleLen":4.3605375,"mouseDye":6,"palette":1.233817,"mutationStrength":0.22158277,"mouseRadius":0.045,"turn":0.2578655,"satGain":1.2691674},"rule":[1.0499098,-0.87896633,0.8237765,1.3225813,0.5682738,-1.1419611,0.09063077,1.4181185,-1.4943933,1.25698,-1.0151222,-1.0459733,-0.036474705,-1.8949516,1.4195132,1.2386005,-0.35038877,-1.6226053,-0.45210934,-0.43417454,1.3381114,-0.044880867,0.12549472,0.4113717,-1.478214,1.7317665,1.6015029,1.3655617,-1.4606237,-1.5125175,0.748574,1.8868802,-0.25307775,-1.0230048,0.94140124,0.10564327,-1.8153515,-1.5192423,-0.63271284,-1.5476167,0.45567882,0.7437204,-0.6933533,-0.78743005,-0.740659,-0.374421,-0.49256587,0.5388788,-0.57690215,0.88599896,0.9099376,-0.62789226,-0.22980273,-0.9551045,-0.86745906,0.793795,-0.6320038,0.42904317,-0.59292996,0.5361372,0.646487,-0.39914513,-0.17878687,-0.28841424,0.985072,-0.19114685,0.22389758,-0.49303293,0.95463,0.021726489,-0.89016795,-0.489712,0.13299847,-0.29234803,0.098864794,-0.5606855,-0.5367758,-0.106943846,-0.76184034,-0.9555123,-0.27952433,-0.44729638,1.7119622,0.38212848,0.0778594,-0.5639436,-1.8444953,-0.10920143,1.0846341,1.4076064,1.024193,-0.112356186,0.54033065,-1.6836088,0.9025688,-0.18294215,-1.3585267,1.6292698,1.2797952,-1.5697641,1.0632629,-0.76779175,-1.9070182,-0.6000023,-0.24459147,-0.70480275,1.9119096,0.58797336,0.6937516,-1.0177939,1.1875689,-1.0800385,-1.4708874,-1.8506851,1.1011374,-0.8320286,-1.881561,-0.16815233,0.32852602,-1.3682783,-0.9722657,0.16994643,-0.80056024,0.6027342,0.4503914,-0.19614804,-0.3397504,-0.07136512,0.84707,-0.72242475,-0.49828362,0.69708526,-0.5966654,0.3099724,-0.14251328,0.26899445,-0.89020586,0.70164096,0.022795796,-0.69252324,-0.72043586,0.8032267,-0.6063502,-0.333156,0.23305929,0.18199289,0.6965542,-0.67075694,0.20912385,-0.5470315,0.98215806,-0.42879093,-0.26239455,-0.75277674,-0.7291682,0.29765356,-0.8080672,-0.09885836,-0.7477906,0.8456346,-1.4274437,-0.48189807,-1.5541065,0.10122609,-0.3368013,1.9413519,1.4865203,0.8931947,-1.9169178,-0.42926311,-0.22364092,-0.9922893,0.2941625,-0.64982796,1.971807,-1.4887497,1.5484958,-0.01841259,-0.26957822,0.118047476,0.9246993,0.723799,1.4419115,-0.82014036,0.150702,0.7628212,-0.5456834,1.0972362,-1.028883,-0.0951426,-1.5438352,-1.3169916,1.8417032,-1.0050254,0.9757633,-0.14297104,1.5978131,-0.95348334,-1.8393962,-0.09045291,0.8871604,0.92497396,-0.56092227,-0.59182394,-0.018970847,-0.24985945,0.43088484,0.061632633,-0.4181142,0.1824286,0.18467867,0.15051198,0.40481484,-0.1589446,-0.6957203,-0.28641438,-0.31005287,0.62369025,0.5730995,0.5283489,0.014211416,0.9986315,0.8855361,-0.46901965,0.92012346,-0.7309295,0.31762433,0.66899323,-0.5821568,-0.99143326,0.16870975,0.9700093,-0.62425137,0.8158958,-0.49748063,0.67250955,-0.96031964,0.9258827,0.8711542,-0.6045264,-1.2506435,1.5108092,-0.0933485,-0.5121591,0.8826668,-0.5939834,-0.39693475,0.9819169,-1.5414202,1.3787143,-0.47314882,1.5588508,-1.2429166,-0.95868564,0.8197279,-1.8826005,1.9396279,-1.866307,-0.96555495,-1.5026376,-0.62993765,0.95979476,1.6538231,-1.0657961,-1.9380624,-0.7850282,-0.4839518,1.1118605,-0.9506521,-0.69518447,-0.437433,1.403054,-1.6664095,-0.61889076,-0.6819415,1.1621094,-1.3300879,-1.187751,1.9308944,0.43470526,-0.24557734,-0.30669332,-0.9922732,0.37995875,0.103646874,0.06946528,-0.8396169,-0.37215936,-0.2899382,-0.32843173,-0.39714456,0.18874717,0.6900704,-0.57628393,-0.7048769,0.20934403,-0.5469625,-0.6495738,0.68082,0.0544132,0.4715426,-0.3272314,-0.8963152,0.338516,-0.8425511,0.0688951,-0.032420635,0.0147384405,-0.24573338,0.36802435,0.47659278,-0.47225022,0.028072834,-0.709839,0.572386,-0.63420737,-0.8935721,-0.8185184,-0.74680114,-0.015919209,1.3331368,0.66597676,-0.9734714,-0.8883424,-0.66302633,1.9982252,-1.5818806,1.3301888,1.2544506,1.7079263,-0.99210286,-0.5796454,1.0831134,0.07887697,-0.22834063,0.8780074,-1.7883055,0.4916544,-1.8799977,1.4866545,-0.8565414,-0.4608519,-1.0431948,-1.9915757,-0.6381247,1.1182482,-0.4953134,-1.5217848,0.45053983,0.70376825,-0.2257626,-1.4354205,0.950562,0.18192053,0.7536049,1.4749429,0.5705707,0.1988337,1.1917443,-1.476866,-0.9741888,0.4912634,-0.08717215,0.48871088,-0.7129626,-0.35189104,-0.2552272,-0.024452806,-0.6580728,0.948791,0.63270545,0.21196783,-0.22135234,0.94415295,-0.9701705,0.45651305,-0.07833636,-0.38131797,-0.2895192,-0.33995283,0.8430203,0.33193552,0.8333546,0.683954,0.9067695,-0.716589,-0.9100113,0.8728579,0.72385716,-0.6337304,0.60535264,0.24465895,-0.131315,-0.12132609,-0.9266056,-0.019911408,-0.6297295,0.29614365,-0.32790112,-0.225662,-1.9542103,1.693614,-0.63805795,-1.0083125,1.5249729,-1.3302624,0.759434,1.8569162,-0.21248746,-1.201112,1.1649344,0.44173026,-0.27578926,-1.7093365,0.1028049,0.27999282,-1.8973513,0.22270393,0.18692708,0.76302004,0.97713566,1.1187556,-1.8250039,-0.34270215,-1.8830833,-1.514247,0.597996,0.24673533,-1.3657105,-1.7062783,0.119549274,-1.0174556,-1.3589721,-0.34036088,0.7404871,-1.9939392,1.2128642,-0.22320604,-0.888463,1.8617401,0.9383483,0.86634874,-0.91763246,-0.31664634,-0.56436765,0.9997616,0.96249604,-0.7680092,0.66664577,-0.3170576,-0.996385,0.31329966,-0.1234808,-0.74761784,-0.30450428,-0.93439615,-0.8612213,0.23585916,-0.9980236,0.77969337,0.3321805,0.87300336,0.0048425198,-0.64744616,0.9653857,-0.25506806,-0.6463566,0.5332793,0.16373241,0.29701626,0.7476957,0.77088284,-0.029396176,-0.4053241,-0.89757645,-0.083034515,-0.77457285,-0.62711227,-0.98984015,0.021667004,0.1674819,0.34480476,-0.46031165,1.8449583,1.6041307,-1.2722397,1.5255585,1.7495177,0.5519974,-0.59301424,-1.0367765,-1.8050735,-1.0697415,1.7167633,1.1230049,0.46544313,1.5935779,1.410109,-1.48526,-1.5112355,-0.49326777,-1.4650888,-0.5632839,-1.554929,0.0999279,0.6181021,-0.15742517,1.5420344,0.57881427,0.6356206,-0.3763461,0.1553731,-0.3392055,-0.69213486,-1.7032921,-1.2817936,0.6036501,0.72988486,0.62660766,0.9326978,-0.408993,0.8925632,0.108986855,-0.40452337,-0.011816978,0.8936727,0.5990671,-0.26929462,0.33354425,0.35213017,-0.46885598,-0.38951778,-0.87487614,0.79522085,-0.3599974,0.030421257,-0.7761632,-0.32447183,-0.8213178,-0.501269,-0.15892911,0.8655052,-0.20099545,0.47546697,-0.766775,-0.26817012,-0.36724687,0.5203426,-0.32844496,-0.082579136,0.92587805,0.19048166,-0.58014333,0.29079008,0.34478974,-0.08404744,-0.9864255,-0.53228927,0.69544375,-0.5950371,0.93577576,1.9269292,0.7800784,-0.85850954,-1.9488025,-0.3169918,-0.5876913,0.1746149,-0.75013757,1.4277406,0.25658083,0.9699099,-0.12413287,-0.7699027,-0.14835382,1.4702659,0.7169213,1.1897583,-1.5881064,0.9436126,1.6663797,0.73508954,-1.4454043,0.6702473,-0.7948799,-1.6754732,-0.9183731,-0.6623881,-0.11443782,-1.3164284,-1.6637297,-0.47169924,-1.2213538,1.9908817,0.5388844,-1.6727254,0.85847354,1.6919627,0.29143953,0.41411924,-0.490265,-0.057089567,0.78847134,0.2262907,0.28919458,0.6253319,-0.6684011,0.026520967,0.43035448,0.60163414,0.67482746,-0.39024687,0.04280913,-0.48512006,0.78928673,0.40458834,-0.31426644,0.56115067,-0.72085166,-0.4958918,-0.32238543,-0.64310706,-0.28817463,-0.5032052,0.32215333,-0.79362106,0.19134796,0.838526,-0.49371266,0.47911394,-0.8178903,0.602126,-0.8534703,0.80295324,-0.39076984,0.5319444,0.36084783,0.3351648,-0.8171761,0.98416066]}